word,count
the,11668864
to,9799084
and,7944683
a,7587152
I,6925946
of,6021689
in,4410585
is,4382329
that,3811282
for,3574016
it,3099881
you,2962310
covid,2877929
have,2746382
are,2534338
with,2442963
but,2307985
be,2273849
was,2165526
not,2083918
on,2037315
"",1998291
my,1980130
they,1958178
this,1756521
people,1660881
as,1539119
COVID,1505196
so,1487017
just,1474332
at,1457268
Covid,1453703
from,1447105
get,1414144
if,1403749
or,1306944
about,1242726
like,1235810
we,1194380
all,1176495
had,1143059
because,1140538
has,1075108
will,1042890
your,1033654
been,1016840
can,984298
would,966097
out,940834
more,925441
The,917648
do,885019
an,844160
who,834731
their,831130
up,825184
me,813618
he,811970
when,810686
think,789485
one,720158
no,713612
what,711479
than,700762
there,686927
even,682024
were,671435
how,664423
going,664222
by,663736
got,657923
still,652315
know,651334
some,641760
I'm,615894
I’m,597960
them,596893
only,586765
being,577803
really,575712
go,566369
now,560549
time,559366
don't,551731
If,534399
other,530759
before,513003
it's,509260
due,501956
then,498132
also,497648
It,487420
covid.,486202
back,485597
much,483084
it’s,475992
getting,474094
any,468132
don’t,465525
after,461253
could,454922
his,454537
see,435767
our,434628
vaccine,430925
over,424796
want,424047
year,420327
You,417042
since,412853
work,412391
They,409804
it.,409338
her,400250
she,396539
make,394887
But,392431
should,392415
take,387201
This,384928
right,382522
My,379339
i,378699
very,376961
need,369508
into,368314
which,367988
lot,367747
many,367447
And,366562
good,365719
We,362335
during,360487
last,360345
did,336237
way,333926
most,332940
those,332107
So,324738
am,313230
same,312770
where,311781
sure,311496
these,309782
down,304816
COVID-19,302795
say,301967
long,301198
first,293924
feel,293759
never,292323
It's,284254
why,283784
off,281541
actually,280750
new,278661
every,278371
things,277492
COVID.,276779
around,276201
few,275426
said,274326
him,273870
thing,268135
doing,267943
too,259832
us,258984
someone,257358
It’s,255099
probably,253394
something,251393
while,250498
having,249573
day,248992
Covid.,248701
"covid,",245526
pretty,238913
home,238325
He,234762
already,233075
made,231393
better,231308
years,231225
everyone,230693
-,228991
here,227555
through,225815
its,223875
months,223408
bad,220464
I've,219836
until,219004
2,218376
might,215444
Not,208705
mask,206676
keep,205691
two,204406
risk,202452
I’ve,200933
cases,199396
days,199159
well,199063
can't,198199
deaths,198059
may,197979
There,197082
able,194522
come,194418
didn't,193319
vaccinated,192501
test,191409
less,190988
without,188910
live,188532
care,187256
trying,186137
does,185919
That,184989
virus,183556
person,183444
put,182426
job,182357
saying,182172
went,181864
anything,180468
doesn't,178179
spread,177357
find,176471
died,176460
least,176026
give,175536
always,175389
family,174642
next,173524
believe,172984
likely,172215
started,171685
shit,171676
death,171058
help,171036
health,170387
weeks,170260
Just,170095
week,168026
didn’t,167952
point,167868
hard,167309
enough,167274
used,166697
can’t,166378
die,166098
you're,165577
look,164990
now.,164810
A,163986
positive,163747
flu,161873
What,161524
hope,161228
life,161169
anyone,161082
working,160004
little,159613
big,157821
money,157272
3,156648
another,156170
use,156045
masks,155136
taking,154776
that's,154568
In,154549
everything,153944
whole,153494
best,153385
sick,153313
hospital,153290
"COVID,",152893
start,152403
Covid-19,152019
isn't,151992
mean,151144
No,150910
both,150373
Trump,148764
end,148236
makes,147618
wear,147002
done,146451
own,145354
thought,145326
you’re,144792
different,143658
world,142788
against,141583
doesn’t,141310
vaccines,140920
away,140751
school,140247
definitely,139880
making,139343
great,138916
"it,",138405
maybe,138351
tested,138331
far,137537
kids,137281
try,137228
stay,136929
cause,136739
high,136722
nothing,135894
though,135032
that.,134932
that’s,134300
ever,133519
times,133514
once,133012
seems,132380
let,132371
government,131895
reason,131101
almost,130937
US,129985
told,128697
country,128656
fucking,128485
symptoms,128441
stop,127302
tell,127083
under,126976
part,125898
pandemic,125307
old,125119
"Covid,",125048
took,124650
especially,122870
real,122739
lost,122084
patients,121895
me.,121387
love,121274
friends,121249
literally,120708
case,120671
post,120558
How,120080
seen,119637
understand,119117
them.,118395
hit,117950
She,117676
19,117530
As,117378
isn’t,117247
place,116645
wearing,116536
time.,116424
pay,116257
bit,115947
gets,115344
full,115303
state,115277
covid-19,115047
looking,114122
People,113961
social,113240
dying,112894
again,112755
gonna,112315
they're,111358
number,110068
came,110051
fact,108780
year.,108442
When,108212
you.,108190
coming,106165
else,105916
show,105485
talking,105314
such,104987
medical,104938
month,104417
numbers,104394
rate,104378
wait,104066
worse,103766
stuff,103670
open,103561
I'd,102957
side,102623
too.,102101
couple,101773
Also,101527
won't,101389
chance,100623
this.,99100
guess,98322
free,98196
close,98186
kind,97510
Even,96987
second,95898
That's,95416
small,95363
call,95009
people.,94627
Maybe,94483
Yeah,94313
situation,94254
normal,94210
past,93434
ago,92515
vaccine.,92126
each,92067
All,91898
public,91802
4,91644
between,91220
fuck,91173
aren't,90787
hours,90756
read,90733
Now,90699
yet,90690
either,89656
completely,89437
there's,89373
testing,89328
change,88645
Why,88644
safe,88336
5,88129
1,87751
up.,87444
heard,87280
For,86809
they’re,86526
issues,86244
play,86135
others,85847
wanted,85710
happened,85430
left,85099
haven't,84867
Is,84833
effects,84649
using,84456
found,84099
seem,83870
game,83570
out.,83315
means,83172
I’d,82788
Do,82643
guy,82629
news,82376
half,82268
covid?,82262
problem,82221
dont,82179
myself,82133
&amp;,82029
season,81812
catch,81787
related,81474
wouldn't,81237
seeing,81229
early,80991
6,80923
given,80890
house,80768
shot,80537
well.,80282
super,80199
idea,79714
low,79668
system,79649
rather,79401
won’t,79284
term,79251
Because,79201
online,79134
That’s,78876
wasn't,78386
friend,78368
talk,78260
At,77838
restrictions,77745
higher,77661
spreading,77527
living,77292
entire,77240
leave,76653
Then,76625
ask,76576
agree,76155
10,75959
absolutely,75708
etc.,75437
says,75130
called,74882
deal,74800
issue,74677
outside,74305
here.,74295
comes,74163
ones,73873
thinking,73820
currently,73486
closed,73459
gotten,73454
aren’t,73443
worth,73432
local,73250
"now,",73129
basically,73045
he's,72889
shut,72822
possible,72501
hospitals,72483
huge,72408
immune,72386
haven’t,72204
current,71972
though.,71925
sense,71752
negative,71681
travel,71519
amount,71463
response,71431
there’s,71289
parents,71251
needs,70948
there.,70884
I'll,70855
instead,70382
single,70197
fully,70013
data,69952
business,69890
move,69879
COVID-19.,69619
quite,69459
Well,69313
saw,69301
felt,69288
kill,69135
again.,69064
With,68794
lockdown,68649
rest,68520
Or,68452
happen,68153
longer,67763
wish,67748
wasn’t,67686
buy,67679
usually,67598
run,67445
population,67135
hear,66926
support,66864
Thank,66667
remember,66563
feeling,66562
waiting,66560
experience,66480
countries,66405
places,66313
worked,66174
soon,66069
wouldn’t,65962
goes,65741
food,65656
top,65639
per,65307
heart,65264
we're,65114
100%,65109
tests,64923
doctor,64894
course,64485
media,64457
.,64450
disease,64261
team,64132
allowed,64089
lives,63800
lol,63642
he’s,63312
contact,63251
gone,62709
company,62616
states,62423
based,62311
nice,62050
day.,61840
"that,",61782
all.,61746
taken,61666
gave,61658
unless,61629
body,61565
plan,61283
Oh,61265
wrong,61243
I’ll,61077
similar,61016
matter,60872
check,60819
become,60798
healthy,60680
mind,60344
Like,60220
serious,60218
supposed,60210
group,60178
2020,60139
hate,60083
area,60081
pre,60045
guys,59993
One,59853
face,59777
infected,59626
car,59534
stupid,59479
caught,59444
worried,59429
quarantine,59192
Most,59184
fine,58845
mom,58481
Some,58455
China,58345
young,58339
million,58158
killed,58048
set,57889
within,57869
market,57869
happy,57757
age,57480
prevent,57452
imagine,57377
large,57238
work.,57210
worst,57192
Good,57190
yourself,57174
caused,57128
near,57039
man,56979
recently,56927
Are,56894
extra,56872
order,56796
actual,56518
common,56480
tried,56099
works,56063
giving,55829
Its,55446
vaccinated.,55413
needed,55400
city,55339
must,55242
protect,55203
starting,55065
exactly,55034
store,54933
Your,54932
wants,54906
Biden,54784
children,54717
"year,",54597
honestly,54518
control,54370
paid,54367
"me,",54341
"Also,",54339
continue,53877
",",53731
knew,53572
Thanks,53546
doctors,53471
office,53405
wife,53291
asked,53262
knows,53240
wonder,53173
sorry,53072
later,53014
bring,53010
years.,52737
"you,",52735
immunity,52380
takes,51871
To,51799
crazy,51570
several,51296
"Yeah,",51232
totally,51109
husband,51090
mostly,51089
home.,51007
on.,50915
finally,50816
together,50806
blood,50783
three,50706
important,50684
playing,50535
not.,50399
easy,50329
today,50314
line,50168
dead,50145
extremely,50024
vaccination,49942
fear,49924
stopped,49907
staff,49885
room,49881
New,49829
looks,49763
economy,49629
changed,49502
whatever,49334
major,49291
thing.,49274
worry,49203
jobs,49147
sounds,49125
games,49044
lack,48976
decided,48818
we’re,48799
fun,48727
alone,48673
watch,48640
These,48531
majority,48388
healthcare,48371
"time,",48370
multiple,48305
(and,48063
blame,48051
virus.,47956
is.,47915
infection,47895
level,47871
running,47848
lower,47781
seriously,47780
bc,47758
telling,47732
Yes,47635
lol.,47537
realize,47320
true,47124
lose,47028
"people,",46991
whether,46938
general,46880
couldn't,46664
certain,46512
moved,46508
research,46502
expect,46451
severe,46447
months.,46428
short,46385
effective,46322
shows,46313
bought,46217
week.,46178
Did,46122
him.,46046
There's,46029
pandemic.,45834
March,45743
happening,45677
life.,45635
bunch,45620
article,45523
anti,45510
available,45507
do.,45500
ago.,45379
fucked,45339
mental,45260
night,45195
"Yes,",45181
hold,45092
political,44983
party,44975
students,44972
one.,44924
late,44920
Americans,44912
catching,44907
kinda,44888
im,44863
days.,44819
mention,44803
unvaccinated,44786
question,44777
rates,44716
summer,44679
players,44615
thanks,44575
baby,44456
zero,44407
meet,44397
20,44395
companies,44383
lots,44352
workers,44297
avoid,44219
cold,44213
cannot,44201
Our,44020
break,44018
point.,44004
putting,43955
ended,43929
down.,43887
treatment,43664
pass,43648
evidence,43555
asking,43475
hand,43316
"vaccine,",43204
dealing,43029
themselves,42998
rules,42989
cut,42987
Have,42859
spend,42834
class,42738
hoping,42731
human,42697
information,42688
along,42548
glad,42523
weird,42394
follow,42349
COVID?,42259
sent,42133
miss,42048
community,42031
video,41996
save,41958
doubt,41835
in.,41583
"this,",41529
couldn’t,41489
personal,41488
considering,41401
type,41216
compared,41120
schools,41063
scared,41059
despite,41052
ICU,41014
problems,40873
fight,40787
college,40513
often,40492
feels,40475
dad,40455
trump,40435
After,40415
obviously,40318
conspiracy,40314
way.,40169
Don't,40132
simply,39953
beginning,39854
safety,39765
Im,39718
daily,39714
"COVID-19,",39688
Covid?,39593
patient,39578
regular,39529
increase,39475
eat,39464
average,39317
ass,39315
study,39308
including,39263
mine,39176
paying,39138
dangerous,39129
behind,39097
clear,39076
across,38998
known,38983
affected,38961
u,38894
back.,38862
:),38838
America,38832
personally,38791
walk,38774
8,38690
head,38500
trust,38432
plus,38390
drive,38312
hour,38221
Can,38214
visit,38152
results,38111
difficult,38073
happens,38068
stock,38054
yeah,38053
"is,",38024
assume,37991
kept,37973
price,37781
send,37663
list,37633
American,37629
passed,37607
helped,37601
killing,37545
relief,37501
science,37463
damn,37460
turn,37439
hell,37388
comment,37371
spent,37355
thousands,37333
"them,",37331
(I,37258
yes,37245
to.,37234
sub,37217
luck,37129
"though,",37049
moving,37013
nearly,36933
sort,36920
massive,36882
willing,36735
right?,36728
cost,36605
future,36597
keeping,36586
nursing,36526
total,36468
Since,36463
UK,36411
30,36321
result,36269
There’s,36249
kid,36231
except,36218
exposed,36150
certainly,36138
following,36125
CDC,36091
poor,35984
mild,35932
calling,35917
"up,",35855
pick,35808
Especially,35802
You're,35768
vote,35747
symptoms.,35737
effect,35586
self,35578
businesses,35453
difference,35316
easily,35306
prior,35157
clearly,35139
non,35006
lockdowns,34984
forced,34956
middle,34951
Covid-19.,34913
return,34910
sometimes,34905
child,34855
sad,34818
please,34763
showing,34753
weeks.,34700
smell,34699
looked,34693
